snapshot_date,slug,name,openalex_id,ror_id,works_count,works_count_incl_xpac,works_count_lineage_incl_xpac,cited_by_count,h_index,i10_index,two_yr_mean_citedness,ref_year,ca_works_ref,ca_oa_works_ref,ca_oa_share_ref,ca_doaj_works_ref,ca_doaj_share_ref,period_start,period_end,ca_works_period,ca_oa_works_period,ca_oa_share_period
2026-07-18,kit,Karlsruhe Institute of Technology,I102335020,04t3en479,134480,167483,171487,11311715,751,179496,2.88397537021017,2025,3237,2537,0.7838,519,0.1603,2020,2025,20848,15243,0.7311
2026-07-18,leibniz-hannover,Leibniz University Hannover,I114112103,0304hq317,69790,75980,79296,6290427,945,64028,3.64498761354253,2025,1579,1082,0.6852,285,0.1805,2020,2025,10098,6664,0.6599
2026-07-18,rwth-aachen,RWTH Aachen University,I887968799,04xfq0f34,159884,192704,193178,17451279,893,250348,2.4442004375796,2025,4441,3542,0.7976,726,0.1635,2020,2025,24754,16994,0.6865
2026-07-18,tu-berlin,Technische Universität Berlin,I4577782,03v4gjf40,105240,111779,112790,5497206,632,90673,3.06024096385542,2025,1805,1346,0.7457,327,0.1812,2020,2025,12371,8216,0.6641
2026-07-18,tu-braunschweig,Technische Universität Braunschweig,I94509681,010nsgg66,59602,63153,67504,2820209,421,51718,2.26690182245738,2025,1211,860,0.7102,209,0.1726,2020,2025,7545,4936,0.6542
2026-07-18,tu-darmstadt,Technische Universität Darmstadt,I31512782,05n911h24,75746,80115,80170,3988591,491,70458,2.98350643793519,2025,1752,1103,0.6296,266,0.1518,2020,2025,10805,6455,0.5974
2026-07-18,tu-dresden,Technische Universität Dresden,I78650965,042aqky30,129281,139032,148325,10151009,767,146710,3.59341640319881,2025,2492,1903,0.7636,543,0.2179,2020,2025,17848,12340,0.6914
2026-07-18,tu-munich,Technical University of Munich,I62916508,02kkvpp62,215174,227413,255033,18812377,1021,261496,3.90902897408197,2025,4868,3929,0.8071,922,0.1894,2020,2025,29525,21467,0.7271
2026-07-18,uni-stuttgart,University of Stuttgart,I100066346,04vnq7t77,94960,158778,159956,5324561,613,85746,1.82250548245614,2025,1809,1138,0.6291,279,0.1542,2020,2025,12054,6981,0.5791
